usu√°rio,album_id,capa
<<<<<<< HEAD,,
=======,,
<<<<<<< HEAD,,
=======,,
<<<<<<< HEAD,,
=======,,
>>>>>>> f2bd927cfda25919078ed548d622b00f6443b595,,
luluuud,2,https://i.pinimg.com/736x/f1/24/c7/f124c7dfaca46f1f2602c89f3b1712c1.jpg
>>>>>>> 6e8e36a82b900af499bd6264371257d0fed53d92,,
>>>>>>> 8651bbabe3c9d6868f85bcbe938a1efc6df330e6,,
miguelito,1,https://i.pinimg.com/736x/71/80/a1/7180a1ed370c4dc2dc0b71d1a4546cad.jpg
miguelito,3,https://cdn-images.dzcdn.net/images/cover/4c2c6143c3e83a01ea73517c57d1d138/500x500-000000-80-0-0.jpg
